Day,PersonIndex,MealType,Name,Brand,Net Weight,Gross Weight,CaloriesPortion,ProteinPortion,FatPortion,CarbsPortion,Calories100g,Protein100g,Fat100g,Carbs100g,MainCarb,PrimaryProtein
1,1,Lunch,Quinoa duo with lentils,Voyager,135,156,514,24.0,14.0,66.0,381,18.0,10.0,49.0,GRAIN,VEGETARIAN
1,2,Lunch,Quinoa duo with lentils,Voyager,135,156,514,24.0,14.0,66.0,381,18.0,10.0,49.0,GRAIN,VEGETARIAN
1,1,Dinner,Lamb Mulligatawny,Real Turmat,150,164,700,25.0,36.0,71.0,487,17.0,25.0,49.0,RICE,BEEF
1,2,Dinner,Lamb Mulligatawny,Real Turmat,150,164,700,25.0,36.0,71.0,487,17.0,25.0,49.0,RICE,BEEF
1,1,Snack,Peanut and Chocolate Protein Bar,Nature Valley,40,41,196,10.2,11.3,11.0,489,25.6,28.3,27.5,NONE,VEGETARIAN
1,2,Snack,Peanut and Chocolate Protein Bar,Nature Valley,40,41,196,10.2,11.3,11.0,489,25.6,28.3,27.5,NONE,VEGETARIAN
1,1,Snack,Blueberry Taatelipatukka,Barebar,40,42,131,2.0,4.2,19.0,328,5.0,11.0,48.0,NONE,VEGETARIAN
1,2,Snack,Blueberry Taatelipatukka,Barebar,40,42,131,2.0,4.2,19.0,328,5.0,11.0,48.0,NONE,VEGETARIAN
1,1,Snack,Crunchy Canadian Maple Syrup Cereal Bar,Nature Valley,42,43,195,3.6,7.5,27.0,465,8.7,17.8,64.3,GRAIN,VEGETARIAN
1,2,Snack,Crunchy Canadian Maple Syrup Cereal Bar,Nature Valley,42,43,195,3.6,7.5,27.0,465,8.7,17.8,64.3,GRAIN,VEGETARIAN
1,1,Snack,Pähkinäpatukka Karamelli & Manteli,Rawsom,40,47,211,7.5,15.0,11.0,529,19.0,36.0,28.0,NONE,VEGETARIAN
1,2,Snack,Pähkinäpatukka Karamelli & Manteli,Rawsom,40,47,211,7.5,15.0,11.0,529,19.0,36.0,28.0,NONE,VEGETARIAN
2,1,Breakfast,Scrambled Egg with Cheese,Summit to Eat,87,110,454,34.0,27.0,17.0,522,39.0,31.0,19.0,NONE,POULTRY
2,2,Breakfast,Scrambled Egg with Cheese,Summit to Eat,87,110,454,34.0,27.0,17.0,522,39.0,31.0,19.0,NONE,POULTRY
2,1,Lunch,Cod Brandade,Voyager,110,130,431,17.0,9.2,67.0,392,16.0,8.4,61.0,POTATO,FISH
2,2,Lunch,Cod Brandade,Voyager,110,130,431,17.0,9.2,67.0,392,16.0,8.4,61.0,POTATO,FISH
2,1,Dinner,Juusto-parsakaalipasta,Blå Band,153,175,671,20.0,26.0,88.0,439,13.0,17.0,57.0,PASTA,VEGETARIAN
2,2,Dinner,Juusto-parsakaalipasta,Blå Band,153,175,671,20.0,26.0,88.0,439,13.0,17.0,57.0,PASTA,VEGETARIAN
2,1,Snack,Pähkinäpatukka Karamelli & Manteli,Rawsom,40,47,211,7.5,15.0,11.0,529,19.0,36.0,28.0,NONE,VEGETARIAN
2,2,Snack,Pähkinäpatukka Karamelli & Manteli,Rawsom,40,47,211,7.5,15.0,11.0,529,19.0,36.0,28.0,NONE,VEGETARIAN
2,1,Snack,Crunchy Canadian Maple Syrup Cereal Bar,Nature Valley,42,43,195,3.6,7.5,27.0,465,8.7,17.8,64.3,GRAIN,VEGETARIAN
2,2,Snack,Crunchy Canadian Maple Syrup Cereal Bar,Nature Valley,42,43,195,3.6,7.5,27.0,465,8.7,17.8,64.3,GRAIN,VEGETARIAN
2,1,Snack,Peanut and Chocolate Protein Bar,Nature Valley,40,41,196,10.2,11.3,11.0,489,25.6,28.3,27.5,NONE,VEGETARIAN
2,2,Snack,Peanut and Chocolate Protein Bar,Nature Valley,40,41,196,10.2,11.3,11.0,489,25.6,28.3,27.5,NONE,VEGETARIAN
2,1,Snack,Soft Protein Cookie Dough,Corny,45,51,164,14.0,7.2,16.2,365,30.0,16.0,36.0,NONE,VEGETARIAN
2,2,Snack,Soft Protein Cookie Dough,Corny,45,51,164,14.0,7.2,16.2,365,30.0,16.0,36.0,NONE,VEGETARIAN
3,1,Breakfast,Gluten Free Muesli with Chocolate Chips,Voyager,80,93,326,13.0,7.8,49.0,408,16.0,9.7,62.0,GRAIN,VEGETARIAN
3,2,Breakfast,Gluten Free Muesli with Chocolate Chips,Voyager,80,93,326,13.0,7.8,49.0,408,16.0,9.7,62.0,GRAIN,VEGETARIAN
3,1,Lunch,Ramen with Noodles,Real Turmat,96,114,419,19.0,18.0,44.0,437,20.0,19.0,45.0,PASTA,PORK
3,2,Lunch,Ramen with Noodles,Real Turmat,96,114,419,19.0,18.0,44.0,437,20.0,19.0,45.0,PASTA,PORK
3,1,Dinner,Creamy risotto with mushrooms,Voyager,150,174,647,21.0,22.0,89.0,431,14.0,15.0,59.0,RICE,VEGETARIAN
3,2,Dinner,Creamy risotto with mushrooms,Voyager,150,174,647,21.0,22.0,89.0,431,14.0,15.0,59.0,RICE,VEGETARIAN
3,1,Snack,Peanut and Chocolate Protein Bar,Nature Valley,40,41,196,10.2,11.3,11.0,489,25.6,28.3,27.5,NONE,VEGETARIAN
3,2,Snack,Peanut and Chocolate Protein Bar,Nature Valley,40,41,196,10.2,11.3,11.0,489,25.6,28.3,27.5,NONE,VEGETARIAN
3,1,Snack,Crunchy Canadian Maple Syrup Cereal Bar,Nature Valley,42,43,195,3.6,7.5,27.0,465,8.7,17.8,64.3,GRAIN,VEGETARIAN
3,2,Snack,Crunchy Canadian Maple Syrup Cereal Bar,Nature Valley,42,43,195,3.6,7.5,27.0,465,8.7,17.8,64.3,GRAIN,VEGETARIAN
3,1,Snack,Energy Bar Apple & Ginger,Chimpanzee,55,,201,8.0,5.5,27.5,365,14.5,10.0,50.0,GRAIN,VEGETARIAN
3,2,Snack,Energy Bar Apple & Ginger,Chimpanzee,55,,201,8.0,5.5,27.5,365,14.5,10.0,50.0,GRAIN,VEGETARIAN
3,1,Snack,Pähkinäpatukka Karamelli & Manteli,Rawsom,40,47,211,7.5,15.0,11.0,529,19.0,36.0,28.0,NONE,VEGETARIAN
3,2,Snack,Pähkinäpatukka Karamelli & Manteli,Rawsom,40,47,211,7.5,15.0,11.0,529,19.0,36.0,28.0,NONE,VEGETARIAN
3,1,Dessert,Custard Apple Crunch,Summit to Eat,87,108,424,7.4,19.0,52.0,487,8.5,22.0,63.0,GRAIN,VEGETARIAN
3,2,Dessert,Custard Apple Crunch,Summit to Eat,87,108,424,7.4,19.0,52.0,487,8.5,22.0,63.0,GRAIN,VEGETARIAN
4,1,Breakfast,Rice Pudding with Raspberries,Tactical Foodpack,90,112,427,9.0,17.0,59.0,474,10.0,19.0,66.0,RICE,VEGETARIAN
4,2,Breakfast,Rice Pudding with Raspberries,Tactical Foodpack,90,112,427,9.0,17.0,59.0,474,10.0,19.0,66.0,RICE,VEGETARIAN
4,1,Lunch,Quinoa duo with lentils,Voyager,135,156,514,24.0,14.0,66.0,381,18.0,10.0,49.0,GRAIN,VEGETARIAN
4,2,Lunch,Couscous de Poulet aux Légumes,Voyager,160,182,696,32.0,22.0,89.0,453,20.0,14.0,56.0,GRAIN,POULTRY
4,1,Dinner,Creamy Salmon with Pasta,Real Turmat,129,147,601,20.0,29.0,61.0,466,16.0,23.0,47.0,PASTA,FISH
4,2,Dinner,Purée de pomme de terre au jambon,Voyager,190,215,1029,40.0,64.0,70.0,541,21.0,34.0,37.0,POTATO,PORK
4,1,Snack,Blueberry Taatelipatukka,Barebar,40,42,131,2.0,4.2,19.0,328,5.0,11.0,48.0,NONE,VEGETARIAN
4,2,Snack,Blueberry Taatelipatukka,Barebar,40,42,131,2.0,4.2,19.0,328,5.0,11.0,48.0,NONE,VEGETARIAN
4,1,Snack,Energy Bar Cashew & Caramel,Chimpanzee,55,,,7.7,7.2,28.6,395,14.0,13.0,52.0,GRAIN,VEGETARIAN
4,2,Snack,Energy Bar Cashew & Caramel,Chimpanzee,55,,,7.7,7.2,28.6,395,14.0,13.0,52.0,GRAIN,VEGETARIAN
4,1,Snack,Crunchy Canadian Maple Syrup Cereal Bar,Nature Valley,42,43,195,3.6,7.5,27.0,465,8.7,17.8,64.3,GRAIN,VEGETARIAN
4,2,Snack,Crunchy Canadian Maple Syrup Cereal Bar,Nature Valley,42,43,195,3.6,7.5,27.0,465,8.7,17.8,64.3,GRAIN,VEGETARIAN
4,1,Snack,Soft Protein Cookie Dough,Corny,45,51,164,14.0,7.2,16.2,365,30.0,16.0,36.0,NONE,VEGETARIAN
4,2,Snack,Soft Protein Cookie Dough,Corny,45,51,164,14.0,7.2,16.2,365,30.0,16.0,36.0,NONE,VEGETARIAN
4,1,Dessert,Mango Lassi,LYOFOOD,50,55,244,4.2,10.0,32.0,488,8.4,20.0,64.0,NONE,VEGETARIAN
4,2,Dessert,Mango Lassi,LYOFOOD,50,55,244,4.2,10.0,32.0,488,8.4,20.0,64.0,NONE,VEGETARIAN
5,1,Breakfast,Porridge Aux Framboises,Voyager,100,120,434,12.0,17.0,57.0,434,12.0,17.0,57.0,GRAIN,VEGETARIAN
5,2,Breakfast,Porridge Aux Framboises,Voyager,100,120,434,12.0,17.0,57.0,434,12.0,17.0,57.0,GRAIN,VEGETARIAN
5,1,Lunch,Cari de poulet et riz (Chicken Curry with Rice),Voyager,150,172,650,25.0,21.0,88.0,434,17.0,14.0,59.0,RICE,POULTRY
5,2,Lunch,Rice with asparagus and chicken,Blå Band,143,170,639,21.0,23.0,86.0,447,15.0,16.0,60.0,RICE,POULTRY
5,1,Dinner,Hachis parmentier au bœuf,Voyager,125,143,577,23.0,25.0,62.0,462,19.0,20.0,50.0,POTATO,BEEF
5,2,Dinner,Hachis parmentier au bœuf,Voyager,125,143,577,23.0,25.0,62.0,462,19.0,20.0,50.0,POTATO,BEEF
5,1,Snack,Blueberry Taatelipatukka,Barebar,40,42,131,2.0,4.2,19.0,328,5.0,11.0,48.0,NONE,VEGETARIAN
5,2,Snack,Blueberry Taatelipatukka,Barebar,40,42,131,2.0,4.2,19.0,328,5.0,11.0,48.0,NONE,VEGETARIAN
5,1,Snack,Energy Bar Apple & Ginger,Chimpanzee,55,,201,8.0,5.5,27.5,365,14.5,10.0,50.0,GRAIN,VEGETARIAN
5,2,Snack,Soft Protein Chocolate Caramel,Corny,45,47,163,13.5,7.2,16.2,362,30.0,16.0,36.0,NONE,VEGETARIAN
5,1,Snack,Porkkana Appelsiini Kaurapatukka,Green Planet Astronauts,30,32,124,2.6,5.1,15.9,414,8.8,17.0,53.0,GRAIN,VEGETARIAN
5,2,Snack,Porkkana Appelsiini Kaurapatukka,Green Planet Astronauts,30,32,124,2.6,5.1,15.9,414,8.8,17.0,53.0,GRAIN,VEGETARIAN
5,1,Snack,Crunchy Canadian Maple Syrup Cereal Bar,Nature Valley,42,43,195,3.6,7.5,27.0,465,8.7,17.8,64.3,GRAIN,VEGETARIAN
5,2,Snack,Humble Herkku kauravälipalapatukka Suklaa & Maapähkinävoi,Humble,30,31,113,4.2,2.9,16.2,377,14.0,9.7,54.0,GRAIN,VEGETARIAN
6,1,Breakfast,Porridge Aux Framboises,Voyager,100,120,434,12.0,17.0,57.0,434,12.0,17.0,57.0,GRAIN,VEGETARIAN
6,2,Breakfast,Rice Pudding with Raspberries,Tactical Foodpack,90,112,427,9.0,17.0,59.0,474,10.0,19.0,66.0,RICE,VEGETARIAN
6,1,Lunch,Pasta with salmon and dill,Voyager,125,147,551,27.0,22.0,59.0,440,22.0,17.0,48.0,PASTA,FISH
6,2,Lunch,Boeuf au riz et aux graines,Voyager,185,204,1023,33.0,65.0,74.0,553,18.0,35.0,40.0,RICE,BEEF
6,1,Dinner,Gratin de Pommes de Terre au Jambon Fumé (Potato Gratin with Smoked Ham),Voyager,125,148,560,31.0,21.0,59.0,448,25.0,17.0,47.0,POTATO,PORK
6,2,Dinner,Purée de pomme de terre au jambon,Voyager,190,215,1029,40.0,64.0,70.0,541,21.0,34.0,37.0,POTATO,PORK
6,1,Snack,Soft Protein Chocolate Caramel,Corny,45,47,163,13.5,7.2,16.2,362,30.0,16.0,36.0,NONE,VEGETARIAN
6,2,Snack,Soft Protein Chocolate Caramel,Corny,45,47,163,13.5,7.2,16.2,362,30.0,16.0,36.0,NONE,VEGETARIAN
6,1,Snack,Blueberry Taatelipatukka,Barebar,40,42,131,2.0,4.2,19.0,328,5.0,11.0,48.0,NONE,VEGETARIAN
6,2,Snack,Blueberry Taatelipatukka,Barebar,40,42,131,2.0,4.2,19.0,328,5.0,11.0,48.0,NONE,VEGETARIAN
6,1,Snack,Tumma Suklaa - Hasselpähkinä välipalakeksi,Rouhee,30,32,,2.82,7.32,15.9,482,9.4,24.4,53.0,GRAIN,VEGETARIAN
6,2,Snack,Tumma Suklaa - Hasselpähkinä välipalakeksi,Rouhee,30,32,,2.82,7.32,15.9,482,9.4,24.4,53.0,GRAIN,VEGETARIAN
6,1,Snack,Blueberry Taatelipatukka,Barebar,40,42,131,2.0,4.2,19.0,328,5.0,11.0,48.0,NONE,VEGETARIAN
6,2,Snack,Blueberry Taatelipatukka,Barebar,40,42,131,2.0,4.2,19.0,328,5.0,11.0,48.0,NONE,VEGETARIAN
7,1,Breakfast,Rice Pudding with Raspberries,Tactical Foodpack,90,112,427,9.0,17.0,59.0,474,10.0,19.0,66.0,RICE,VEGETARIAN
7,2,Breakfast,Gluten Free Muesli with Chocolate Chips,Voyager,80,93,326,13.0,7.8,49.0,408,16.0,9.7,62.0,GRAIN,VEGETARIAN
7,1,Lunch,Purée de pomme de terre au jambon,Voyager,190,215,1029,40.0,64.0,70.0,541,21.0,34.0,37.0,POTATO,PORK
7,2,Lunch,Purée de pomme de terre au jambon,Voyager,190,215,1029,40.0,64.0,70.0,541,21.0,34.0,37.0,POTATO,PORK
7,1,Dinner,Penne alla Bolognese,LYOFOOD,128,148,538,31.0,15.0,67.0,421,24.0,11.0,53.0,PASTA,BEEF
7,2,Dinner,Tuhti Kuivamuona,Kuivalihakundi,125,139,490,21.1,17.6,56.3,392,16.9,14.1,45.0,PASTA,BEEF
7,1,Snack,Blueberry Taatelipatukka,Barebar,40,42,131,2.0,4.2,19.0,328,5.0,11.0,48.0,NONE,VEGETARIAN
7,2,Snack,Blueberry Taatelipatukka,Barebar,40,42,131,2.0,4.2,19.0,328,5.0,11.0,48.0,NONE,VEGETARIAN
7,1,Snack,Blueberry Taatelipatukka,Barebar,40,42,131,2.0,4.2,19.0,328,5.0,11.0,48.0,NONE,VEGETARIAN
7,2,Snack,Blueberry Taatelipatukka,Barebar,40,42,131,2.0,4.2,19.0,328,5.0,11.0,48.0,NONE,VEGETARIAN
7,1,Snack,Blueberry Taatelipatukka,Barebar,40,42,131,2.0,4.2,19.0,328,5.0,11.0,48.0,NONE,VEGETARIAN
7,2,Snack,Blueberry Taatelipatukka,Barebar,40,42,131,2.0,4.2,19.0,328,5.0,11.0,48.0,NONE,VEGETARIAN
7,1,Snack,Blueberry Taatelipatukka,Barebar,40,42,131,2.0,4.2,19.0,328,5.0,11.0,48.0,NONE,VEGETARIAN
7,2,Snack,Blueberry Taatelipatukka,Barebar,40,42,131,2.0,4.2,19.0,328,5.0,11.0,48.0,NONE,VEGETARIAN