"Device Name","SandWeather"
"Device Model","Kestrel DROP 2"
"Serial Number","2224283"
"FORMATTED DATE_TIME","Temperature","Relative Humidity","Heat Index","Dew Point","Data Type","Record name","Start time","Duration (H:M:S)","Location description","Location address","Location coordinates","Notes"
"YYYY-MM-DD HH:MM:SS","°C","%","°C","°C"
"2025-07-10 05:00:00 PM","21.1","53.2","20.7","11.2","point"
"2025-07-10 04:30:00 PM","21.1","55.3","20.8","11.8","point"
"2025-07-10 04:00:00 PM","22.6","53.7","22.3","12.7","point"
"2025-07-10 03:30:00 PM","23.0","33.2","21.5","5.9","point"
"2025-07-10 03:00:00 PM","23.9","32.3","22.3","6.4","point"
"2025-07-10 02:30:00 PM","27.1","31.2","25.3","8.6","point"
"2025-07-10 02:00:00 PM","23.3","36.8","22.1","7.7","point"
"2025-07-10 01:30:00 PM","25.6","32.9","23.9","8.1","point"
"2025-07-10 01:00:00 PM","29.8","28.4","28.1","9.5","point"
"2025-07-10 12:30:00 PM","30.5","26.5","28.9","9.2","point"
"2025-07-10 12:00:00 PM","20.9","36.2","19.6","5.4","point"
"2025-07-10 11:30:00 AM","27.4","31.0","25.7","8.8","point"
"2025-07-10 11:00:00 AM","26.1","36.8","24.7","10.2","point"
"2025-07-10 10:30:00 AM","22.9","37.5","21.6","7.6","point"
"2025-07-10 10:00:00 AM","22.8","45.6","22.0","10.4","point"
"2025-07-10 09:30:00 AM","15.9","60.5","14.8","8.3","point"
"2025-07-10 09:00:00 AM","15.1","61.1","14.1","7.7","point"
"2025-07-10 08:30:00 AM","13.7","68.4","13.1","8.0","point"
"2025-07-10 08:00:00 AM","12.2","67.1","11.5","6.2","point"
"2025-07-10 07:30:00 AM","12.1","67.4","11.5","6.3","point"
"2025-07-10 07:00:00 AM","10.8","68.6","10.3","5.3","point"
"2025-07-10 06:30:00 AM","10.3","72.8","9.8","5.6","point"
"2025-07-10 06:00:00 AM","8.8","76.8","8.6","5.0","point"
"2025-07-10 05:30:00 AM","8.8","76.7","8.5","4.9","point"
"2025-07-10 05:00:00 AM","8.9","76.5","8.7","5.0","point"
"2025-07-10 04:30:00 AM","7.7","81.5","7.6","4.8","point"
"2025-07-10 04:00:00 AM","7.7","82.3","7.6","4.9","point"
"2025-07-10 03:30:00 AM","7.2","82.5","7.1","4.4","point"
"2025-07-10 03:00:00 AM","8.4","78.0","8.1","4.8","point"
"2025-07-10 02:30:00 AM","8.4","78.4","8.2","4.9","point"
"2025-07-10 02:00:00 AM","7.6","82.0","7.5","4.7","point"
"2025-07-10 01:30:00 AM","7.3","85.9","7.3","5.1","point"
"2025-07-10 01:00:00 AM","7.4","81.8","7.2","4.5","point"
"2025-07-10 12:30:00 AM","7.5","77.6","7.2","3.8","point"
"2025-07-10 12:00:00 AM","8.7","74.1","8.4","4.3","point"
"2025-07-09 11:30:00 PM","7.1","71.0","6.7","2.2","point"
"2025-07-09 11:00:00 PM","8.8","61.9","8.2","1.9","point"
"2025-07-09 10:30:00 PM","10.8","59.5","9.9","3.2","point"
"2025-07-09 10:00:00 PM","10.7","63.2","9.9","3.9","point"
"2025-07-09 09:30:00 PM","10.8","62.2","10.1","3.9","point"
"2025-07-09 09:00:00 PM","11.5","56.9","10.6","3.3","point"
"2025-07-09 08:30:00 PM","12.0","55.0","10.9","3.2","point"
"2025-07-09 08:00:00 PM","12.3","53.6","11.1","3.1","point"
"2025-07-09 07:30:00 PM","12.5","52.7","11.3","3.1","point"
"2025-07-09 07:00:00 PM","12.9","50.0","11.5","2.7","point"
"2025-07-09 06:30:00 PM","12.6","50.2","11.2","2.5","point"
"2025-07-09 06:00:00 PM","12.7","58.3","11.7","4.7","point"
"2025-07-09 05:30:00 PM","12.3","60.6","11.4","4.9","point"
"2025-07-09 05:00:00 PM","12.6","46.4","11.1","1.4","point"
"2025-07-09 04:30:00 PM","13.0","48.0","11.5","2.2","point"
"2025-07-09 04:00:00 PM","13.0","48.0","11.6","2.3","point"
"2025-07-09 03:30:00 PM","10.8","49.6","9.7","0.7","point"
"2025-07-09 03:00:00 PM","13.7","45.4","12.2","2.2","point"
"2025-07-09 02:30:00 PM","12.0","45.8","10.6","0.7","point"
"2025-07-09 02:00:00 PM","11.9","45.6","10.5","0.5","point"
"2025-07-09 01:30:00 PM","12.0","44.9","10.6","0.4","point"
"2025-07-09 01:00:00 PM","13.4","50.2","11.9","3.2","point"
"2025-07-09 12:30:00 PM","12.4","44.6","10.8","0.6","point"
"2025-07-09 12:00:00 PM","10.8","45.8","9.6","-0.4","point"
"2025-07-09 11:30:00 AM","13.4","50.9","12.1","3.5","point"
"2025-07-09 11:00:00 AM","11.4","53.4","10.3","2.3","point"
"2025-07-09 10:30:00 AM","10.7","53.5","9.6","1.6","point"
"2025-07-09 10:00:00 AM","11.5","73.6","11.0","6.9","point"
"2025-07-09 09:30:00 AM","10.0","58.2","9.2","2.2","point"
"2025-07-09 09:00:00 AM","9.1","65.8","8.6","3.0","point"
"2025-07-09 08:30:00 AM","8.3","69.2","7.9","3.0","point"
"2025-07-09 08:00:00 AM","7.6","70.3","7.2","2.5","point"
"2025-07-09 07:30:00 AM","7.8","73.1","7.4","3.2","point"
"2025-07-09 07:00:00 AM","7.6","73.6","7.2","3.2","point"
"2025-07-09 06:30:00 AM","7.8","76.3","7.5","3.9","point"
"2025-07-09 06:00:00 AM","7.1","76.7","6.8","3.3","point"
"2025-07-09 05:30:00 AM","7.2","76.7","6.9","3.4","point"
"2025-07-09 05:00:00 AM","6.5","81.7","6.3","3.6","point"
"2025-07-09 04:30:00 AM","5.6","84.1","5.6","3.1","point"
"2025-07-09 04:00:00 AM","5.3","84.4","5.2","2.8","point"
"2025-07-09 03:30:00 AM","5.7","81.5","5.5","2.8","point"
"2025-07-09 03:00:00 AM","6.1","83.1","6.1","3.5","point"
"2025-07-09 02:30:00 AM","6.5","83.2","6.5","3.9","point"
"2025-07-09 02:00:00 AM","6.6","82.8","6.6","3.9","point"
"2025-07-09 01:30:00 AM","6.9","82.5","6.7","4.1","point"
"2025-07-09 01:00:00 AM","7.0","82.0","6.9","4.2","point"
"2025-07-09 12:30:00 AM","7.3","81.0","7.2","4.3","point"
"2025-07-09 12:00:00 AM","7.7","80.2","7.5","4.5","point"
"2025-07-08 11:30:00 PM","8.0","78.2","7.8","4.4","point"
"2025-07-08 11:00:00 PM","8.3","77.9","8.1","4.7","point"
"2025-07-08 10:30:00 PM","8.5","78.5","8.3","5.0","point"
"2025-07-08 10:00:00 PM","8.7","76.4","8.5","4.8","point"
"2025-07-08 09:30:00 PM","9.0","74.0","8.6","4.6","point"
"2025-07-08 09:00:00 PM","9.5","70.9","9.0","4.4","point"
"2025-07-08 08:30:00 PM","9.8","71.4","9.4","4.9","point"
"2025-07-08 08:00:00 PM","9.7","69.8","9.3","4.5","point"
"2025-07-08 07:30:00 PM","10.2","68.0","9.6","4.6","point"
"2025-07-08 07:00:00 PM","10.1","68.3","9.6","4.6","point"
"2025-07-08 06:30:00 PM","11.9","87.4","12.0","9.9","point"
"2025-07-08 06:00:00 PM","12.4","80.3","12.1","9.1","point"
"2025-07-08 05:30:00 PM","12.2","80.2","12.0","8.9","point"
"2025-07-08 05:00:00 PM","11.1","71.4","10.7","6.2","point"
"2025-07-08 04:30:00 PM","11.3","65.1","10.6","5.0","point"
"2025-07-08 04:00:00 PM","11.6","64.5","10.9","5.1","point"
"2025-07-08 03:30:00 PM","11.5","60.8","10.7","4.2","point"
"2025-07-08 03:00:00 PM","12.1","67.6","11.5","6.3","point"
"2025-07-08 02:30:00 PM","11.5","59.1","10.6","3.8","point"
"2025-07-08 02:00:00 PM","13.5","53.8","12.2","4.3","point"
"2025-07-08 01:30:00 PM","12.9","62.6","12.1","6.0","point"
"2025-07-08 01:00:00 PM","11.7","62.0","10.9","4.7","point"
"2025-07-08 12:30:00 PM","12.1","58.5","11.2","4.2","point"
"2025-07-08 12:00:00 PM","16.5","58.8","15.3","8.4","point"
"2025-07-08 11:30:00 AM","15.0","63.5","14.0","8.2","point"
"2025-07-08 11:00:00 AM","11.2","68.4","10.6","5.6","point"
"2025-07-08 10:30:00 AM","9.7","68.2","9.1","4.1","point"
"2025-07-08 10:00:00 AM","9.3","67.6","8.7","3.6","point"
"2025-07-08 09:30:00 AM","9.0","81.9","8.8","6.0","point"
"2025-07-08 09:00:00 AM","9.0","77.9","8.8","5.3","point"
"2025-07-08 08:30:00 AM","8.6","74.4","8.3","4.3","point"
"2025-07-08 08:00:00 AM","8.1","77.4","7.8","4.4","point"
"2025-07-08 07:30:00 AM","7.6","79.4","7.5","4.3","point"
"2025-07-08 07:00:00 AM","7.7","80.0","7.5","4.4","point"
"2025-07-08 06:30:00 AM","7.0","81.9","6.9","4.2","point"
"2025-07-08 06:00:00 AM","6.9","82.6","6.9","4.2","point"
"2025-07-08 05:30:00 AM","6.7","83.1","6.7","4.1","point"
"2025-07-08 05:00:00 AM","6.3","83.6","6.2","3.7","point"
"2025-07-08 04:30:00 AM","6.2","84.6","6.2","3.8","point"
"2025-07-08 04:00:00 AM","6.4","82.8","6.3","3.7","point"
"2025-07-08 03:30:00 AM","6.4","84.0","6.3","3.9","point"
"2025-07-08 03:00:00 AM","6.4","84.6","6.4","4.0","point"
"2025-07-08 02:30:00 AM","6.1","85.0","6.1","3.8","point"
"2025-07-08 02:00:00 AM","5.9","85.5","5.8","3.7","point"
"2025-07-08 01:30:00 AM","6.2","82.0","6.1","3.4","point"
"2025-07-08 01:00:00 AM","6.9","80.5","6.7","3.8","point"
"2025-07-08 12:30:00 AM","7.1","78.2","6.9","3.6","point"
"2025-07-08 12:00:00 AM","7.6","79.1","7.4","4.2","point"
"2025-07-07 11:30:00 PM","7.8","80.0","7.7","4.6","point"
"2025-07-07 11:00:00 PM","8.2","79.2","8.1","4.8","point"
"2025-07-07 10:30:00 PM","8.6","79.2","8.4","5.2","point"
"2025-07-07 10:00:00 PM","8.4","79.8","8.3","5.2","point"
"2025-07-07 09:30:00 PM","8.6","79.9","8.5","5.4","point"
"2025-07-07 09:00:00 PM","8.9","79.0","8.7","5.4","point"
"2025-07-07 08:30:00 PM","9.0","77.9","8.7","5.3","point"
"2025-07-07 08:00:00 PM","9.0","77.1","8.8","5.2","point"
"2025-07-07 07:30:00 PM","9.3","75.8","8.9","5.2","point"
"2025-07-07 07:00:00 PM","9.6","74.1","9.2","5.2","point"
"2025-07-07 06:30:00 PM","9.5","76.0","9.2","5.5","point"
"2025-07-07 06:00:00 PM","9.2","77.2","9.0","5.5","point"
"2025-07-07 05:30:00 PM","9.6","76.8","9.2","5.7","point"
"2025-07-07 05:00:00 PM","8.9","78.6","8.6","5.4","point"
"2025-07-07 04:30:00 PM","9.4","77.3","9.1","5.6","point"
"2025-07-07 04:00:00 PM","9.6","76.2","9.2","5.6","point"
"2025-07-07 03:30:00 PM","9.6","78.1","9.3","5.9","point"
"2025-07-07 03:00:00 PM","9.5","80.4","9.2","6.3","point"
"2025-07-07 02:30:00 PM","9.6","78.4","9.4","6.0","point"
"2025-07-07 02:00:00 PM","9.7","79.7","9.5","6.4","point"
"2025-07-07 01:30:00 PM","9.2","83.7","9.2","6.6","point"
"2025-07-07 01:00:00 PM","8.6","82.3","8.4","5.7","point"
"2025-07-07 12:30:00 PM","9.2","87.6","9.1","7.2","point"
"2025-07-07 12:00:00 PM","9.9","88.3","10.0","8.1","point"
"2025-07-07 11:30:00 AM","9.5","94.1","9.7","8.6","point"
"2025-07-07 11:00:00 AM","8.0","94.7","8.1","7.2","point"
"2025-07-07 10:30:00 AM","7.9","94.9","8.1","7.2","point"
"2025-07-07 10:00:00 AM","7.0","95.0","7.2","6.3","point"
"2025-07-07 09:30:00 AM","7.0","95.1","7.1","6.2","point"
"2025-07-07 09:00:00 AM","6.6","95.1","6.8","5.9","point"
"2025-07-07 08:30:00 AM","6.7","95.2","6.9","6.0","point"
"2025-07-07 08:00:00 AM","5.8","95.1","5.9","5.1","point"
"2025-07-07 07:30:00 AM","5.6","95.0","5.6","4.9","point"
"2025-07-07 07:00:00 AM","5.5","94.8","5.5","4.7","point"
"2025-07-07 06:30:00 AM","5.2","94.4","5.3","4.4","point"
"2025-07-07 06:00:00 AM","5.1","93.9","5.2","4.2","point"
"2025-07-07 05:30:00 AM","5.0","93.6","5.0","4.0","point"
"2025-07-07 05:00:00 AM","5.0","93.3","5.1","4.0","point"
"2025-07-07 04:30:00 AM","5.1","92.5","5.1","4.0","point"
"2025-07-07 04:00:00 AM","5.2","91.8","5.3","4.0","point"
"2025-07-07 03:30:00 AM","5.4","91.0","5.4","4.0","point"
"2025-07-07 03:00:00 AM","5.4","89.9","5.4","3.9","point"
"2025-07-07 02:30:00 AM","5.6","88.0","5.5","3.7","point"
"2025-07-07 02:00:00 AM","5.9","84.5","5.9","3.5","point"
"2025-07-07 01:30:00 AM","6.4","78.5","6.1","2.9","point"
"2025-07-07 01:00:00 AM","6.8","73.9","6.6","2.5","point"
"2025-07-07 12:30:00 AM","7.2","70.6","6.8","2.2","point"
"2025-07-07 12:00:00 AM","7.5","68.6","7.0","2.1","point"
"2025-07-06 11:30:00 PM","8.0","65.1","7.5","1.9","point"
"2025-07-06 11:00:00 PM","8.4","64.5","7.8","2.1","point"
"2025-07-06 10:30:00 PM","8.6","63.5","8.0","2.1","point"
"2025-07-06 10:00:00 PM","9.0","62.4","8.4","2.2","point"
"2025-07-06 09:30:00 PM","9.6","61.0","8.8","2.4","point"
"2025-07-06 09:00:00 PM","10.0","58.7","9.1","2.3","point"
"2025-07-06 08:30:00 PM","10.5","56.1","9.5","2.1","point"
"2025-07-06 08:00:00 PM","11.2","56.1","10.1","2.7","point"
"2025-07-06 07:30:00 PM","11.5","54.7","10.4","2.7","point"
"2025-07-06 07:00:00 PM","12.9","50.3","11.6","2.8","point"
"2025-07-06 06:30:00 PM","17.3","44.1","15.3","5.0","point"
"2025-07-06 06:00:00 PM","17.0","42.9","15.0","4.4","point"
"2025-07-06 05:30:00 PM","15.2","44.2","13.4","3.1","point"
"2025-07-06 05:00:00 PM","17.0","45.1","15.0","5.0","point"
"2025-07-06 04:30:00 PM","23.4","36.2","22.0","7.6","point"
"2025-07-06 04:00:00 PM","20.7","37.4","19.2","5.6","point"
"2025-07-06 03:30:00 PM","20.8","31.2","19.1","3.1","point"
"2025-07-06 03:00:00 PM","22.1","30.9","20.7","4.2","point"
"2025-07-06 02:30:00 PM","16.1","46.4","14.2","4.6","point"
"2025-07-06 02:00:00 PM","14.6","50.5","13.1","4.5","point"
"2025-07-06 01:30:00 PM","15.1","38.6","13.2","1.1","point"
"2025-07-06 01:00:00 PM","14.7","44.2","12.9","2.6","point"
"2025-07-06 12:30:00 PM","20.9","37.4","19.7","5.8","point"
"2025-07-06 12:00:00 PM","13.2","46.1","11.6","1.9","point"
"2025-07-06 11:30:00 AM","15.1","49.6","13.6","4.7","point"
"2025-07-06 11:00:00 AM","15.6","56.0","14.3","6.8","point"
"2025-07-06 10:30:00 AM","13.8","48.6","12.3","3.2","point"
"2025-07-06 10:00:00 AM","12.2","51.4","10.9","2.5","point"
"2025-07-06 09:30:00 AM","20.0","37.3","18.2","5.0","point"
"2025-07-06 09:00:00 AM","14.5","41.8","12.6","1.7","point"
"2025-07-06 08:30:00 AM","10.7","56.6","9.7","2.4","point"
"2025-07-06 08:00:00 AM","8.7","66.6","8.2","2.9","point"
"2025-07-06 07:30:00 AM","10.5","53.3","9.4","1.4","point"
"2025-07-06 07:00:00 AM","9.0","57.6","8.3","1.1","point"
"2025-07-06 06:30:00 AM","9.2","55.4","8.4","0.7","point"
"2025-07-06 06:00:00 AM","9.3","59.5","8.6","1.8","point"
"2025-07-06 05:30:00 AM","9.1","59.9","8.4","1.7","point"
"2025-07-06 05:00:00 AM","9.1","69.0","8.7","3.7","point"
"2025-07-06 04:30:00 AM","9.9","65.9","9.4","3.8","point"
"2025-07-06 04:00:00 AM","7.1","73.7","6.9","2.8","point"
"2025-07-06 03:30:00 AM","6.5","87.6","6.4","4.6","point"
"2025-07-06 03:00:00 AM","3.9","85.9","3.9","1.8","point"
"2025-07-06 02:30:00 AM","4.4","85.4","4.3","2.1","point"
"2025-07-06 02:00:00 AM","3.3","89.9","3.2","1.8","point"
"2025-07-06 01:30:00 AM","4.4","89.6","4.4","2.9","point"
"2025-07-06 01:00:00 AM","3.1","90.6","3.1","1.7","point"
"2025-07-06 12:30:00 AM","4.5","88.2","4.4","2.7","point"
"2025-07-06 12:00:00 AM","5.1","85.3","5.1","2.9","point"
"2025-07-05 11:30:00 PM","6.6","79.9","6.5","3.4","point"
"2025-07-05 11:00:00 PM","7.8","73.6","7.5","3.4","point"
"2025-07-05 10:30:00 PM","8.3","77.5","8.0","4.6","point"
"2025-07-05 10:00:00 PM","7.6","79.7","7.5","4.3","point"
"2025-07-05 09:30:00 PM","8.3","75.4","8.1","4.3","point"
"2025-07-05 09:00:00 PM","8.9","71.4","8.5","4.0","point"
"2025-07-05 08:30:00 PM","10.0","59.2","9.1","2.4","point"
"2025-07-05 08:00:00 PM","9.1","72.7","8.7","4.4","point"
"2025-07-05 07:30:00 PM","9.8","64.4","9.1","3.4","point"
"2025-07-05 07:00:00 PM","10.4","65.7","9.7","4.3","point"
"2025-07-05 06:30:00 PM","11.2","48.3","10.0","0.7","point"
"2025-07-05 06:00:00 PM","14.8","43.0","13.1","2.4","point"
"2025-07-05 05:30:00 PM","13.2","46.5","11.6","2.0","point"
"2025-07-05 05:00:00 PM","16.9","47.7","15.1","5.8","point"
"2025-07-05 04:30:00 PM","15.0","52.3","13.5","5.3","point"
"2025-07-05 04:00:00 PM","15.7","48.4","13.9","4.8","point"
"2025-07-05 03:30:00 PM","12.4","54.1","11.2","3.4","point"
"2025-07-05 03:00:00 PM","20.8","38.6","19.6","6.2","point"
"2025-07-05 02:30:00 PM","10.8","52.4","9.7","1.5","point"
"2025-07-05 02:00:00 PM","12.5","50.0","11.1","2.3","point"
"2025-07-05 01:30:00 PM","14.8","43.0","13.0","2.3","point"
"2025-07-05 01:00:00 PM","16.3","39.3","14.1","2.4","point"
"2025-07-05 12:30:00 PM","16.2","39.4","14.0","2.4","point"
"2025-07-05 12:00:00 PM","11.4","46.2","10.0","0.2","point"
"2025-07-05 11:30:00 AM","12.7","48.3","11.3","2.1","point"
"2025-07-05 11:00:00 AM","9.3","52.1","8.4","0.0","point"
"2025-07-05 10:30:00 AM","8.9","53.3","8.0","-0.1","point"
"2025-07-05 10:00:00 AM","9.5","52.9","8.5","0.4","point"
"2025-07-05 09:30:00 AM","8.9","65.2","8.3","2.7","point"
"2025-07-05 09:00:00 AM","7.9","67.2","7.5","2.2","point"
"2025-07-05 08:30:00 AM","7.9","61.2","7.3","0.9","point"
"2025-07-05 08:00:00 AM","7.9","70.0","7.5","2.8","point"
"2025-07-05 07:30:00 AM","7.0","77.8","6.7","3.4","point"
"2025-07-05 07:00:00 AM","6.3","84.6","6.3","3.9","point"
"2025-07-05 06:30:00 AM","5.9","83.4","5.9","3.3","point"
"2025-07-05 06:00:00 AM","6.4","80.5","6.2","3.3","point"
"2025-07-05 05:30:00 AM","6.5","83.0","6.5","3.9","point"
"2025-07-05 05:00:00 AM","6.2","86.2","6.1","4.0","point"
"2025-07-05 04:30:00 AM","5.0","89.3","5.0","3.4","point"
"2025-07-05 04:00:00 AM","5.0","88.3","4.9","3.2","point"
"2025-07-05 03:30:00 AM","5.1","88.5","5.0","3.3","point"
"2025-07-05 03:00:00 AM","5.3","86.5","5.2","3.2","point"
"2025-07-05 02:30:00 AM","5.9","85.5","5.9","3.7","point"
"2025-07-05 02:00:00 AM","6.2","84.1","6.1","3.7","point"
"2025-07-05 01:30:00 AM","6.1","84.8","6.0","3.7","point"
"2025-07-05 01:00:00 AM","6.3","83.3","6.3","3.7","point"
"2025-07-05 12:30:00 AM","6.6","80.7","6.4","3.5","point"
"2025-07-05 12:00:00 AM","7.1","78.3","6.9","3.6","point"
"2025-07-04 11:30:00 PM","7.7","75.9","7.4","3.7","point"
"2025-07-04 11:00:00 PM","8.5","69.2","8.1","3.2","point"
"2025-07-04 10:30:00 PM","8.9","65.7","8.4","2.9","point"
"2025-07-04 10:00:00 PM","8.9","65.0","8.4","2.7","point"
"2025-07-04 09:30:00 PM","9.1","65.7","8.6","3.1","point"
"2025-07-04 09:00:00 PM","9.7","62.5","9.1","2.9","point"
"2025-07-04 08:30:00 PM","10.2","59.3","9.4","2.6","point"
"2025-07-04 08:00:00 PM","10.4","58.0","9.6","2.5","point"
"2025-07-04 07:30:00 PM","11.0","53.7","10.0","2.0","point"
"2025-07-04 07:00:00 PM","11.0","55.3","10.0","2.4","point"
"2025-07-04 06:30:00 PM","11.0","54.1","10.0","2.1","point"
"2025-07-04 06:00:00 PM","11.9","51.2","10.7","2.1","point"
"2025-07-04 05:30:00 PM","13.5","48.7","12.0","2.9","point"
"2025-07-04 05:00:00 PM","13.6","42.9","12.0","1.3","point"
"2025-07-04 04:30:00 PM","12.1","37.9","10.5","-1.8","point"
"2025-07-04 04:00:00 PM","23.8","32.9","22.2","6.6","point"
"2025-07-04 03:30:00 PM","16.8","44.3","14.8","4.6","point"
"2025-07-04 03:00:00 PM","11.6","47.1","10.3","0.7","point"
"2025-07-04 02:30:00 PM","11.3","44.1","9.9","-0.5","point"
"2025-07-04 02:00:00 PM","13.1","45.2","11.6","1.5","point"
"2025-07-04 01:30:00 PM","12.9","48.8","11.5","2.4","point"
"2025-07-04 01:00:00 PM","13.7","53.1","12.4","4.3","point"
"2025-07-04 12:30:00 PM","13.8","45.9","12.2","2.3","point"
"2025-07-04 12:00:00 PM","12.7","49.2","11.3","2.3","point"
"2025-07-04 11:30:00 AM","12.4","47.3","11.0","1.5","point"
"2025-07-04 11:00:00 AM","14.5","39.8","12.6","1.0","point"
"2025-07-04 10:30:00 AM","19.4","34.9","17.4","3.5","point"
"2025-07-04 10:00:00 AM","22.1","39.8","21.2","7.8","point"
"2025-07-04 09:30:00 AM","22.4","41.0","21.5","8.5","point"
"2025-07-04 09:00:00 AM","25.0","56.0","24.8","15.6","point"
"2025-07-04 08:30:00 AM","24.9","56.0","24.6","15.6","point"
"2025-07-04 08:00:00 AM","24.6","51.1","24.0","13.8","point"
"2025-07-04 07:30:00 AM","24.6","50.8","23.9","13.7","point"
"2025-07-04 07:00:00 AM","24.6","51.0","23.9","13.8","point"
"2025-07-04 06:30:00 AM","24.6","51.2","23.9","13.8","point"
"2025-07-04 06:00:00 AM","24.6","51.4","23.9","13.9","point"
"2025-07-04 05:30:00 AM","24.5","51.5","23.9","13.9","point"
"2025-07-04 05:00:00 AM","24.5","51.7","23.9","13.9","point"
"2025-07-04 04:30:00 AM","24.5","52.1","23.9","14.0","point"
"2025-07-04 04:00:00 AM","24.5","52.4","23.9","14.1","point"
"2025-07-04 03:30:00 AM","24.4","51.8","23.9","13.9","point"
"2025-07-04 03:00:00 AM","24.4","51.6","23.7","13.8","point"
"2025-07-04 02:30:00 AM","24.4","51.7","23.8","13.8","point"
"2025-07-04 02:00:00 AM","24.3","52.4","23.7","13.9","point"
"2025-07-04 01:30:00 AM","24.3","52.7","23.7","14.0","point"
"2025-07-04 01:00:00 AM","24.2","52.1","23.7","13.8","point"
"2025-07-04 12:30:00 AM","24.2","52.0","23.6","13.7","point"
"2025-07-04 12:00:00 AM","24.1","52.0","23.6","13.7","point"
"2025-07-03 11:30:00 PM","24.1","52.0","23.6","13.7","point"
"2025-07-03 11:00:00 PM","24.0","52.2","23.5","13.6","point"
"2025-07-03 10:30:00 PM","24.0","52.0","23.4","13.5","point"
"2025-07-03 10:00:00 PM","24.0","52.0","23.4","13.5","point"
"2025-07-03 09:30:00 PM","24.1","50.8","23.5","13.3","point"
"2025-07-03 09:00:00 PM","24.2","46.1","23.2","11.9","point"
"2025-07-03 08:30:00 PM","24.1","44.8","23.1","11.4","point"
"2025-07-03 08:00:00 PM","23.6","45.0","22.8","11.0","point"
"2025-07-03 07:30:00 PM","22.0","51.3","21.6","11.5","point"
"2025-07-03 07:00:00 PM","21.9","51.7","21.4","11.5","point"
"2025-07-03 06:30:00 PM","21.3","51.6","20.7","10.9","point"
"2025-07-03 06:00:00 PM","21.4","52.3","21.0","11.2","point"
"2025-07-03 05:30:00 PM","21.1","53.0","20.7","11.2","point"
"2025-07-03 05:00:00 PM","20.5","53.8","19.8","10.9","point"
"2025-07-03 04:30:00 PM","20.2","54.9","19.4","10.9","point"
"2025-07-03 04:00:00 PM","20.1","57.9","19.4","11.6","point"
"2025-07-03 03:30:00 PM","18.5","59.7","17.1","10.5","point"
"2025-07-03 03:00:00 PM","18.1","59.2","16.7","10.0","point"
"2025-07-03 02:30:00 PM","18.0","58.6","16.7","9.8","point"
"2025-07-03 02:00:00 PM","18.5","57.9","17.0","10.1","point"
"2025-07-03 01:30:00 PM","19.2","63.3","18.3","12.0","point"
"2025-07-03 01:00:00 PM","18.7","63.0","17.7","11.5","point"
"2025-07-03 12:30:00 PM","18.2","61.0","17.0","10.6","point"
"2025-07-03 12:00:00 PM","17.7","58.1","16.3","9.4","point"
"2025-07-03 11:30:00 AM","17.7","54.7","16.1","8.4","point"
"2025-07-03 11:00:00 AM","19.3","49.4","17.7","8.4","point"
"2025-07-03 10:30:00 AM","20.3","53.6","19.5","10.6","point"
"2025-07-03 10:00:00 AM","20.3","53.9","19.5","10.7","point"
"2025-07-03 09:30:00 AM","20.3","54.4","19.6","10.8","point"
"2025-07-03 09:00:00 AM","20.3","54.6","19.4","10.8","point"
"2025-07-03 08:30:00 AM","20.1","54.6","19.3","10.7","point"
"2025-07-03 08:00:00 AM","20.0","56.0","19.2","11.0","point"
"2025-07-03 07:30:00 AM","19.7","58.9","18.8","11.4","point"
"2025-07-03 07:00:00 AM","18.4","61.7","17.1","10.9","point"
"2025-07-03 06:30:00 AM","18.2","60.6","16.9","10.4","point"
"2025-07-03 06:00:00 AM","18.0","60.8","16.8","10.4","point"
"2025-07-03 05:30:00 AM","17.9","60.9","16.7","10.3","point"
"2025-07-03 05:00:00 AM","17.6","61.5","16.3","10.1","point"
"2025-07-03 04:30:00 AM","17.2","60.5","16.0","9.5","point"
"2025-07-03 04:00:00 AM","17.3","59.3","16.0","9.3","point"
"2025-07-03 03:30:00 AM","17.5","59.6","16.2","9.6","point"
"2025-07-03 03:00:00 AM","18.1","59.4","16.7","10.0","point"
"2025-07-03 02:30:00 AM","18.6","59.6","17.4","10.6","point"
"2025-07-03 02:00:00 AM","19.2","59.2","18.2","11.1","point"
"2025-07-03 01:30:00 AM","19.6","58.1","18.7","11.2","point"
"2025-07-03 01:00:00 AM","20.1","57.3","19.2","11.4","point"
"2025-07-03 12:30:00 AM","20.6","55.6","20.1","11.4","point"
"2025-07-03 12:00:00 AM","21.2","53.9","20.7","11.5","point"
"2025-07-02 11:30:00 PM","21.8","53.7","21.4","11.9","point"
"2025-07-02 11:00:00 PM","22.4","53.3","22.1","12.5","point"
"2025-07-02 10:30:00 PM","23.3","52.8","22.8","13.1","point"
"2025-07-02 10:00:00 PM","23.2","54.5","22.8","13.5","point"
"2025-07-02 09:30:00 PM","22.7","55.5","22.5","13.4","point"
"2025-07-02 09:00:00 PM","21.8","59.5","21.7","13.6","point"
"2025-07-02 08:30:00 PM","21.7","58.8","21.6","13.3","point"
"2025-07-02 08:00:00 PM","21.7","54.8","21.4","12.2","point"
"2025-07-02 07:30:00 PM","22.6","52.3","22.1","12.3","point"
"2025-07-02 07:00:00 PM","23.8","51.0","23.1","13.0","point"
"2025-07-02 06:30:00 PM","24.9","50.6","24.2","13.9","point"
"2025-07-02 06:00:00 PM","25.0","48.5","24.3","13.4","point"
"2025-07-02 05:30:00 PM","25.0","48.1","24.1","13.2","point"
"2025-07-02 05:00:00 PM","25.0","48.5","24.3","13.4","point"
"2025-07-02 04:30:00 PM","25.0","48.8","24.3","13.5","point"
"2025-07-02 04:00:00 PM","25.1","49.2","24.5","13.7","point"
"2025-07-02 03:30:00 PM","25.3","49.3","24.7","13.9","point"
"2025-07-02 03:00:00 PM","25.5","50.5","25.1","14.5","point"
"2025-07-02 02:30:00 PM","26.4","46.2","25.8","13.9","point"
"2025-07-02 02:00:00 PM","25.4","48.3","24.7","13.7","point"
"2025-07-02 01:30:00 PM","25.2","46.8","24.4","13.0","point"
"2025-07-02 01:00:00 PM","25.5","43.7","24.6","12.3","point"
"2025-07-02 12:30:00 PM","25.9","43.0","25.0","12.4","point"
"2025-07-02 12:00:00 PM","25.7","43.4","24.6","12.3","point"
"2025-07-02 11:30:00 AM","25.1","44.3","24.0","12.1","point"
"2025-07-02 11:00:00 AM","24.8","45.3","23.9","12.2","point"
"2025-07-02 10:30:00 AM","24.7","45.1","23.8","12.0","point"
"2025-07-02 10:00:00 AM","24.4","45.6","23.4","11.9","point"
"2025-07-02 09:30:00 AM","24.2","46.5","23.3","12.0","point"
"2025-07-02 09:00:00 AM","24.0","46.8","23.1","11.9","point"
"2025-07-02 08:30:00 AM","23.9","46.3","23.0","11.7","point"
"2025-07-02 08:00:00 AM","23.8","46.5","23.0","11.7","point"
"2025-07-02 07:30:00 AM","23.7","46.2","22.9","11.5","point"
"2025-07-02 07:00:00 AM","23.7","46.1","22.9","11.4","point"
"2025-07-02 06:30:00 AM","23.6","46.1","22.8","11.4","point"
"2025-07-02 06:00:00 AM","23.7","46.0","22.8","11.4","point"
"2025-07-02 05:30:00 AM","23.6","45.8","22.8","11.3","point"
"2025-07-02 05:00:00 AM","23.7","45.7","22.9","11.3","point"
"2025-07-02 04:30:00 AM","23.6","45.8","22.8","11.2","point"
"2025-07-02 04:00:00 AM","23.6","45.6","22.7","11.2","point"
"2025-07-02 03:30:00 AM","23.6","45.4","22.8","11.2","point"
"2025-07-02 03:00:00 AM","23.7","45.3","22.9","11.2","point"
"2025-07-02 02:30:00 AM","23.8","44.8","22.9","11.1","point"
"2025-07-02 02:00:00 AM","23.8","44.3","22.9","10.9","point"
"2025-07-02 01:30:00 AM","23.9","43.8","22.9","10.8","point"
"2025-07-02 01:00:00 AM","24.0","42.8","22.9","10.6","point"
"2025-07-02 12:30:00 AM","24.3","42.1","23.1","10.6","point"
"2025-07-02 12:00:00 AM","24.7","40.9","23.4","10.5","point"
"2025-07-01 11:30:00 PM","24.5","41.0","23.3","10.4","point"
"2025-07-01 11:00:00 PM","24.1","41.9","22.9","10.3","point"
"2025-07-01 10:30:00 PM","25.5","38.5","24.3","10.4","point"
"2025-07-01 10:00:00 PM","24.1","39.7","22.8","9.6","point"
"2025-07-01 09:30:00 PM","24.4","38.5","23.1","9.4","point"
"2025-07-01 09:00:00 PM","26.9","32.7","25.3","9.2","point"
"2025-07-01 08:30:00 PM","30.3","42.3","30.8","16.0","point"
"2025-07-01 08:00:00 PM","30.4","38.4","30.3","14.6","point"
"2025-07-01 07:30:00 PM","30.3","57.5","33.6","21.0","point"
"2025-07-01 07:00:00 PM","30.6","53.0","33.4","20.0","point"
"2025-07-01 06:30:00 PM","30.9","44.1","32.1","17.3","point"
"2025-07-01 06:00:00 PM","26.8","31.9","25.0","8.7","point"
"2025-07-01 05:30:00 PM","29.7","29.6","28.2","10.1","point"
"2025-07-01 05:00:00 PM","39.7","29.9","43.8","18.8","point"
"2025-07-01 04:30:00 PM","32.4","21.9","30.5","7.9","point"
"2025-07-01 04:00:00 PM","29.6","27.0","27.8","8.6","point"
"2025-07-01 03:30:00 PM","23.1","38.0","21.9","8.0","point"
